Sweet Business,Sturm,Vigilance Wing,MIDA Multi-Tool,Rat King,Hard Light,Merciless,Fighting Lion,Sunshot,Graviton Lance,Skyburner's Oath,Borealis,Riskrunner,Coldheart,The Prospector,The Wardcliff Coil,Legend of Acrius,Tractor Cannon,D.A.R.C.I.,Crimson,The Jade Rabbit,Telesto,Prometheus Lens,The Colony,SUROS Regime,The Huckleberry,Polaris Lance,Sleeper Simulant,Whisper of the Worm,Worldline Zero,Cerberus+1,Wish-Ender,Ace of Spades,Malfeasance,The Chaperone,Trinity Ghoul,Lord of Wolves,Wavesplitter,One Thousand Voices,The Queenbreaker,Thunderlord,Two-Tailed Fox,Black Talon,The Last Word,Izanagi's Burden,Le Monarque,Jötunn,Anarchy,Thorn,Arbalest,Outbreak Perfected,Lumina,Bad Juju,Tarrabah,Truth,Monte Carlo,Eriana's Vow,Divinity,Leviathan's Breath,Xenophage,Deathbringer,Bastion,Symmetry,Devil's Ruin,Tommy's Matchbook,The Fourth Horseman,Heir Apparent,Witherhoard,Traveler's Chosen,Ruinous Effigy,Hawkmoon,No Time to Explain,Duality,Cloudstrike,Salvation's Grip,Eyes of Tomorrow,The Lament,Dead Man's Tale,Ticuu's Divination,Cryosthesia 77K,Vex Mythoclast,Forerunner,Ager's Scepter,Lorentz Driver,Gjallarhorn,Trespasser,Heartshadow,Quicksilver Storm,Touch of Malice,Delicate Tomb,Revision Zero,Hierarchy of Needs,The Manticore,Verglas Curve,Conditional Finality,Final Warning,Vexcalibur,Winterbite,Deterministic Chaos,Wicked Implement,The Navigator,Centrifuse,Necrochasm,Tessellation,Dead Messenger,Ex Diris
"https://www.light.gg/db/items/1345867570
","https://www.light.gg/db/items/2907129556
","https://www.light.gg/db/items/3628991659
","https://www.light.gg/db/items/1331482397
","https://www.light.gg/db/items/2362471601
","https://www.light.gg/db/items/4124984448
","https://www.light.gg/db/items/4190156464
","https://www.light.gg/db/items/3549153978
","https://www.light.gg/db/items/2907129557
","https://www.light.gg/db/items/3628991658
","https://www.light.gg/db/items/4255268456
","https://www.light.gg/db/items/3141979347
","https://www.light.gg/db/items/3089417789
","https://www.light.gg/db/items/1345867571
","https://www.light.gg/db/items/3549153979
","https://www.light.gg/db/items/1508896098
","https://www.light.gg/db/items/1744115122
","https://www.light.gg/db/items/3580904581
","https://www.light.gg/db/items/3141979346
","https://www.light.gg/db/items/3437746471
","https://www.light.gg/db/items/3844694310
","https://www.light.gg/db/items/2208405142
","https://www.light.gg/db/items/19024058
","https://www.light.gg/db/items/3899270607
","https://www.light.gg/db/items/2856683562
","https://www.light.gg/db/items/2286143274
","https://www.light.gg/db/items/3413074534
","https://www.light.gg/db/items/4036115577
","https://www.light.gg/db/items/1891561814
","https://www.light.gg/db/items/1864563948
","https://www.light.gg/db/items/1541131350
","https://www.light.gg/db/items/814876684
","https://www.light.gg/db/items/347366834
","https://www.light.gg/db/items/204878059
","https://www.light.gg/db/items/3413860062
","https://www.light.gg/db/items/814876685
","https://www.light.gg/db/items/3413860063
","https://www.light.gg/db/items/1852863732
","https://www.light.gg/db/items/2069224589
","https://www.light.gg/db/items/2044500762
","https://www.light.gg/db/items/3325463374
","https://www.light.gg/db/items/2694576561
","https://www.light.gg/db/items/3766045777
","https://www.light.gg/db/items/1364093401
","https://www.light.gg/db/items/3211806999
","https://www.light.gg/db/items/3588934839
","https://www.light.gg/db/items/417164956
","https://www.light.gg/db/items/2376481550
","https://www.light.gg/db/items/3973202132
","https://www.light.gg/db/items/2130065553
","https://www.light.gg/db/items/400096939
","https://www.light.gg/db/items/3512014804
","https://www.light.gg/db/items/2816212794
","https://www.light.gg/db/items/3110698812
","https://www.light.gg/db/items/1201830623
","https://www.light.gg/db/items/4068264807
","https://www.light.gg/db/items/3524313097
","https://www.light.gg/db/items/4103414242
","https://www.light.gg/db/items/2591746970
","https://www.light.gg/db/items/1395261499
","https://www.light.gg/db/items/2232171099
","https://www.light.gg/db/items/2415517654
","https://www.light.gg/db/items/4017959782
","https://www.light.gg/db/items/3824106094
","https://www.light.gg/db/items/776191470
","https://www.light.gg/db/items/1665952087
","https://www.light.gg/db/items/2084878005
","https://www.light.gg/db/items/2357297366
","https://www.light.gg/db/items/1853180924
","https://www.light.gg/db/items/1363238943
","https://www.light.gg/db/items/3856705927
","https://www.light.gg/db/items/1594120904
","https://www.light.gg/db/items/3460576091
","https://www.light.gg/db/items/2603483885
","https://www.light.gg/db/items/370712896
","https://www.light.gg/db/items/2399110176
","https://www.light.gg/db/items/3487253372
","https://www.light.gg/db/items/3654674561
","https://www.light.gg/db/items/3260753130
","https://www.light.gg/db/items/603721696
","https://www.light.gg/db/items/4289226715
","https://www.light.gg/db/items/2179048386
","https://www.light.gg/db/items/1833195496
","https://www.light.gg/db/items/3761898871
","https://www.light.gg/db/items/1363886209
","https://www.light.gg/db/items/1234150730
","https://www.light.gg/db/items/3664831848
","https://www.light.gg/db/items/4293613902
","https://www.light.gg/db/items/1802135586
","https://www.light.gg/db/items/374573733
","https://www.light.gg/db/items/1473821207
","https://www.light.gg/db/items/4174431791
","https://www.light.gg/db/items/219145368
","https://www.light.gg/db/items/3659414143
","https://www.light.gg/db/items/3371017761
","https://www.light.gg/db/items/3121540812
","https://www.light.gg/db/items/3118061005
","https://www.light.gg/db/items/3118061004
","https://www.light.gg/db/items/449318888
","https://www.light.gg/db/items/940371471
","https://www.light.gg/db/items/1441805468
","https://www.light.gg/db/items/1912669214
","https://www.light.gg/db/items/1034055198
","https://www.light.gg/db/items/3561203890
","https://www.light.gg/db/items/46125926
","https://www.light.gg/db/items/3821409356
"
